,n0,rS,rR,dS,dR,dD,k,D,theta,DMax,S0,R0,PatientId
0,0.6659535995446542,0.027,0.01714049404544881,0.0,0.0,1.5,1.5,0,1,1.0,0.6651831520718454,0.000770447472808791,12
1,0.3575815440532376,0.027,0.01714049404544881,0.0,0.0,1.5,1.5,0,1,1.0,0.3568110965804288,0.000770447472808791,20
2,0.5782366426711028,0.027,0.01714049404544881,0.0,0.0,1.5,1.5,0,1,1.0,0.5774661951982939,0.000770447472808791,25
3,0.5018880006353331,0.027,0.01714049404544881,0.0046176961675455114,0.0046176961675455114,1.5,1.5,0,1,1.0,0.5011175531625244,0.000770447472808791,78
4,0.5465752959476015,0.027,0.01714049404544881,0.0,0.0,1.5,1.5,0,1,1.0,0.5458048484747927,0.000770447472808791,85
5,0.2499094901503371,0.027,0.01714049404544881,0.008128260775622525,0.008128260775622525,1.5,1.5,0,1,1.0,0.2491390426775283,0.000770447472808791,99
6,0.3463333151370172,0.027,0.01714049404544881,0.006784884045907311,0.006784884045907311,1.5,1.5,0,1,1.0,0.3455628676642084,0.000770447472808791,101
